Age,Gender,Education Level,Job Title,Years of Experience,Salary
26,Male,PhD,Project Manager,2,46186
30,Male,Master's,Business Analyst,2,45313
25,Male,High School,Electrical Engineer,5,46144
25,Male,PhD,Data Analyst,6,79028
25,Male,PhD,Data Analyst,3,53763
28,Male,Master's,Electrical Engineer,3,53858
24,Female,Bachelor's,Data Scientist,6,70358
29,Male,Master's,Data Scientist,6,70028
28,Male,Bachelor's,Sales Executive,7,77711
27,Female,PhD,Business Analyst,5,74924
26,Male,Bachelor's,Teacher,3,38341
28,Female,PhD,Operations Manager,4,68353
26,Male,High School,Marketing Manager,5,47702
30,Female,Bachelor's,Operations Manager,5,59909
24,Male,Master's,Mechanical Engineer,7,82737
28,Female,PhD,Data Scientist,2,49422
27,Male,High School,Teacher,7,66072
29,Female,Master's,Teacher,5,66685
24,Female,Master's,Software Engineer,6,70918
27,Male,Bachelor's,Nurse,4,47119
29,Male,PhD,Electrical Engineer,5,70320
25,Female,PhD,Marketing Manager,4,63243
30,Female,Master's,Teacher,5,66878
29,Female,Bachelor's,Software Engineer,2,31887
25,Male,Bachelor's,Data Analyst,5,62652
25,Female,Master's,Data Analyst,3,51864
28,Female,Master's,Software Engineer,7,85445
28,Male,PhD,Operations Manager,7,94163
27,Female,PhD,Electrical Engineer,2,52889
29,Female,High School,HR Manager,2,24420
27,Male,High School,Mechanical Engineer,6,53861
24,Male,Bachelor's,Marketing Manager,2,34957
28,Male,High School,Technician,3,35164
25,Female,Master's,Business Analyst,4,60768
24,Male,PhD,Sales Executive,5,76927
26,Male,Bachelor's,Data Scientist,7,74613
29,Female,PhD,Technician,7,87645
28,Male,Bachelor's,Marketing Manager,4,47401
29,Male,Master's,Project Manager,2,41278
28,Female,Bachelor's,Mechanical Engineer,3,45725
28,Female,Bachelor's,Business Analyst,3,40922
30,Female,Bachelor's,HR Manager,6,69073
26,Male,High School,Nurse,4,44737
26,Male,Master's,Sales Executive,7,82726
26,Male,Bachelor's,Data Scientist,3,44701
25,Female,Bachelor's,Sales Executive,6,70998
30,Male,PhD,Operations Manager,7,90636
30,Male,High School,Operations Manager,5,48265
27,Male,PhD,Nurse,7,90447
24,Female,PhD,Electrical Engineer,7,86391
29,Male,Bachelor's,Software Engineer,2,31476
28,Female,Bachelor's,Business Analyst,6,68771
29,Female,Bachelor's,Marketing Manager,6,63146
24,Male,High School,Marketing Manager,7,63281
27,Male,Bachelor's,Data Analyst,4,48486
26,Male,Master's,Accountant,6,75865
30,Male,High School,Operations Manager,7,66796
27,Female,Bachelor's,Marketing Manager,3,45577
28,Male,PhD,Nurse,3,62970
24,Male,Bachelor's,Software Engineer,5,54971
28,Male,Master's,Project Manager,6,77695
28,Female,High School,Operations Manager,6,53930
25,Male,Master's,Data Analyst,2,45318
27,Male,High School,Sales Executive,4,45282
28,Male,Master's,Sales Executive,6,77737
30,Female,Bachelor's,Teacher,6,65253
28,Male,PhD,Software Engineer,5,70992
27,Female,Master's,Data Scientist,7,80942
27,Male,Bachelor's,Project Manager,4,47004
30,Male,Master's,Software Engineer,4,55248
27,Male,High School,Electrical Engineer,5,47667
29,Male,Bachelor's,Teacher,5,61447
27,Female,PhD,HR Manager,4,66218
24,Female,High School,Mechanical Engineer,6,60514
27,Male,PhD,Mechanical Engineer,6,81840
28,Male,High School,Operations Manager,3,30716
24,Female,Master's,Data Analyst,3,49430
30,Male,PhD,Technician,7,89237
27,Male,PhD,Teacher,4,62465
26,Male,Bachelor's,Electrical Engineer,2,33406
24,Male,Master's,Data Scientist,6,72643
24,Female,High School,Sales Executive,2,26556
28,Female,Master's,Business Analyst,3,45707
28,Male,High School,Software Engineer,4,37825
25,Male,Master's,Project Manager,4,61701
30,Male,Master's,Sales Executive,6,71914
26,Female,High School,Accountant,2,21251
24,Male,PhD,HR Manager,5,70741
29,Female,PhD,Marketing Manager,5,77301
26,Male,Bachelor's,Mechanical Engineer,3,39289
27,Female,High School,Technician,3,29233
24,Female,PhD,Software Engineer,2,46384
29,Female,Master's,Business Analyst,3,49801
24,Female,Bachelor's,Software Engineer,4,52304
24,Female,Master's,Mechanical Engineer,6,74300
25,Male,Master's,HR Manager,4,55997
24,Female,PhD,Data Scientist,5,73569
28,Male,Bachelor's,Marketing Manager,2,30488
26,Male,Bachelor's,Electrical Engineer,6,61682
27,Male,Master's,Accountant,7,80814
24,Male,PhD,Nurse,4,69096
25,Female,Bachelor's,Data Analyst,7,77404
29,Female,Bachelor's,Operations Manager,6,69263
28,Male,Bachelor's,Data Scientist,2,29685
25,Female,High School,Electrical Engineer,5,54150
24,Male,Bachelor's,Sales Executive,4,45054
27,Male,High School,Project Manager,6,54082
29,Female,Master's,Nurse,2,41350
25,Male,Bachelor's,Teacher,7,76542
27,Female,High School,Sales Executive,7,65707
30,Male,Bachelor's,Data Scientist,6,63415
26,Female,Master's,Business Analyst,6,71186
24,Female,High School,Sales Executive,4,38630
29,Male,PhD,Accountant,7,93462
26,Female,PhD,Sales Executive,2,53996
25,Female,High School,Operations Manager,5,45286
26,Female,High School,Technician,6,60363
26,Female,Bachelor's,Operations Manager,3,38222
28,Male,Bachelor's,Teacher,6,65289
26,Male,Master's,Operations Manager,2,42983
25,Female,PhD,Electrical Engineer,2,47606
24,Female,PhD,Electrical Engineer,4,63305
27,Female,PhD,Mechanical Engineer,2,50428
24,Female,Master's,Technician,5,62966
25,Male,Master's,Accountant,4,54064
27,Female,High School,Mechanical Engineer,5,49508
30,Male,Master's,Data Scientist,2,41679
29,Male,Bachelor's,Accountant,5,61371
26,Male,Master's,Nurse,5,61475
30,Female,Bachelor's,Teacher,2,29810
29,Female,PhD,Business Analyst,3,57689
27,Male,Bachelor's,Software Engineer,5,59797
26,Female,Master's,Accountant,7,81262
27,Male,Master's,Sales Executive,6,75461
24,Male,Bachelor's,Data Scientist,3,45201
30,Female,Bachelor's,Sales Executive,4,52372
27,Male,Bachelor's,HR Manager,2,31862
26,Male,Master's,HR Manager,4,57232
30,Male,High School,Teacher,5,51272
27,Male,PhD,Accountant,4,62016
27,Female,Master's,Software Engineer,7,85247
28,Male,High School,Accountant,3,35300
27,Female,PhD,Accountant,2,47084
24,Female,PhD,Business Analyst,5,69002
24,Female,PhD,Sales Executive,3,54786
25,Male,Bachelor's,Marketing Manager,7,70784
30,Female,High School,Marketing Manager,2,21022
30,Male,Bachelor's,Business Analyst,2,33977
25,Female,PhD,Teacher,2,46629
24,Female,Bachelor's,Electrical Engineer,4,48663
30,Male,High School,Marketing Manager,4,44547
26,Female,Bachelor's,Sales Executive,6,64846
28,Male,High School,Electrical Engineer,7,66036
24,Male,Bachelor's,Sales Executive,7,75881
24,Female,Bachelor's,Project Manager,5,59065
25,Female,High School,Teacher,4,43890
26,Female,Bachelor's,Data Analyst,4,53271
24,Male,PhD,HR Manager,4,64177
25,Female,Bachelor's,Accountant,4,46785
28,Female,Bachelor's,Operations Manager,3,44947
27,Male,Bachelor's,Operations Manager,5,53890
25,Male,Bachelor's,Electrical Engineer,2,29985
25,Female,PhD,Operations Manager,7,90147
29,Male,High School,Operations Manager,3,34394
25,Male,PhD,Data Analyst,4,67203
30,Female,Master's,Sales Executive,3,46785
24,Male,Master's,Data Scientist,4,59884
24,Male,PhD,Mechanical Engineer,4,68085
24,Male,PhD,HR Manager,4,69872
27,Male,Master's,Mechanical Engineer,7,84774
24,Female,Bachelor's,Nurse,7,75631
24,Female,High School,Sales Executive,2,22015
26,Male,High School,Operations Manager,6,58555
26,Female,Master's,Business Analyst,2,41295
29,Female,Master's,Accountant,2,46757
30,Male,High School,Technician,3,30757
27,Female,PhD,Nurse,4,68044
30,Female,Bachelor's,Operations Manager,5,55997
24,Female,Bachelor's,Business Analyst,3,42370
30,Female,PhD,Mechanical Engineer,6,78294
28,Male,PhD,Nurse,3,57051
27,Male,High School,Sales Executive,6,61922
26,Male,PhD,Operations Manager,2,46182
26,Male,Bachelor's,Data Scientist,5,61167
29,Female,Bachelor's,HR Manager,3,43829
27,Male,High School,Nurse,4,41813
26,Female,Master's,Accountant,7,81265
25,Female,Bachelor's,Software Engineer,3,40858
25,Female,Bachelor's,Mechanical Engineer,2,35489
26,Male,Bachelor's,Project Manager,2,36600
24,Male,High School,Sales Executive,3,36344
26,Male,Master's,HR Manager,2,37825
25,Male,High School,Mechanical Engineer,6,55912
27,Female,High School,Data Scientist,7,70767
29,Female,Bachelor's,Data Analyst,4,50570
25,Male,Bachelor's,Accountant,2,38820
29,Male,High School,Technician,4,43700
29,Female,Bachelor's,Business Analyst,4,46276
25,Male,PhD,Marketing Manager,5,70036
27,Male,PhD,Project Manager,6,79532
29,Male,Bachelor's,Electrical Engineer,7,73442
27,Female,Master's,Electrical Engineer,2,42117
29,Female,PhD,Electrical Engineer,2,50960
29,Male,PhD,Teacher,5,72336
24,Female,Bachelor's,Electrical Engineer,2,30482
27,Female,PhD,Nurse,3,55129
24,Male,Bachelor's,Project Manager,5,54458
28,Female,Bachelor's,Software Engineer,4,49641
25,Male,High School,Data Scientist,5,53036
30,Male,Master's,Software Engineer,2,44909
26,Male,PhD,Data Scientist,7,87625
29,Male,PhD,Business Analyst,3,60748
25,Male,High School,Electrical Engineer,6,55563
27,Female,High School,Software Engineer,3,32155
24,Male,Master's,Data Scientist,5,70822
27,Female,PhD,Accountant,6,81083
27,Female,Master's,Sales Executive,6,76181
25,Male,High School,Business Analyst,5,52623
25,Female,PhD,Technician,3,60753
27,Male,High School,Software Engineer,4,44054
26,Male,PhD,Marketing Manager,6,77667
24,Male,High School,Operations Manager,7,66140
30,Male,High School,Nurse,6,59190
29,Male,High School,Technician,2,22795
25,Male,PhD,Accountant,3,56622
24,Female,Master's,Software Engineer,4,57505
30,Female,Bachelor's,Accountant,6,68866
25,Female,Bachelor's,Mechanical Engineer,4,45603
25,Male,PhD,Software Engineer,7,89557
29,Female,PhD,Software Engineer,4,62885
30,Male,Master's,Technician,5,70096
28,Male,Master's,Marketing Manager,7,83459
29,Female,Master's,Electrical Engineer,4,62459
25,Female,Master's,Nurse,2,44246
25,Male,High School,Accountant,6,57155
26,Female,High School,Teacher,2,24631
25,Female,PhD,Electrical Engineer,6,82965
24,Male,PhD,HR Manager,6,77746
24,Male,High School,Business Analyst,4,41976
24,Female,Bachelor's,Electrical Engineer,6,65934
28,Male,Bachelor's,Mechanical Engineer,6,68780
25,Male,High School,Operations Manager,3,31446
27,Male,High School,Project Manager,3,33419
27,Female,High School,Data Analyst,7,70213
26,Female,PhD,HR Manager,3,53006
24,Male,High School,Electrical Engineer,3,32893
25,Male,High School,Data Analyst,6,62026
29,Male,Bachelor's,Electrical Engineer,3,45491
28,Female,Bachelor's,Marketing Manager,4,46044
26,Male,PhD,Teacher,6,77104
27,Female,PhD,Data Scientist,7,92413
25,Male,High School,Accountant,3,29635
24,Female,Master's,Teacher,2,41357
29,Female,Master's,Accountant,7,80555
24,Male,Bachelor's,Accountant,3,40322
25,Female,Bachelor's,Operations Manager,5,58383
28,Male,PhD,Operations Manager,7,93787
27,Female,High School,Technician,2,28163
29,Male,Master's,Nurse,3,51415
28,Male,Bachelor's,Software Engineer,2,29440
24,Male,Bachelor's,Mechanical Engineer,3,37470
24,Male,Bachelor's,Teacher,7,69698
29,Male,High School,Data Scientist,6,58954
25,Male,PhD,Data Scientist,3,56370
25,Male,High School,Data Analyst,7,62433
30,Female,PhD,Data Scientist,3,54603
30,Male,Master's,Mechanical Engineer,4,59942
26,Male,Master's,Accountant,4,53793
29,Female,Master's,Nurse,6,77253
27,Female,High School,Nurse,5,45511
27,Male,Master's,Sales Executive,7,77788
28,Male,High School,Business Analyst,4,39791
27,Male,Bachelor's,Accountant,2,29071
26,Female,High School,Sales Executive,7,64023
27,Female,Master's,Business Analyst,3,49648
30,Male,Bachelor's,Sales Executive,3,38800
29,Male,PhD,Nurse,7,94195
30,Male,Master's,Mechanical Engineer,2,43574
27,Male,PhD,Operations Manager,7,85412
26,Male,Master's,Accountant,5,69928
28,Male,PhD,Operations Manager,7,88826
27,Male,High School,Mechanical Engineer,6,58352
28,Male,PhD,Project Manager,6,82297
25,Female,PhD,Teacher,4,70489
25,Male,Master's,Sales Executive,7,80898
28,Male,Master's,Accountant,7,79532
29,Male,Bachelor's,Teacher,4,54877
28,Female,Bachelor's,HR Manager,4,48101
26,Male,Bachelor's,Project Manager,2,32201
27,Male,Bachelor's,Nurse,4,49872
27,Female,Bachelor's,Data Scientist,7,70750
26,Male,PhD,Sales Executive,2,45206
27,Female,Bachelor's,Marketing Manager,7,73853
27,Male,Bachelor's,Accountant,6,67630
24,Male,PhD,Teacher,6,86624
29,Female,Bachelor's,Project Manager,7,78564
30,Male,Bachelor's,Project Manager,2,36436
27,Female,Master's,Project Manager,7,78603
27,Male,PhD,Teacher,7,87563
26,Female,PhD,Sales Executive,2,51706
28,Male,Master's,Nurse,2,43368
30,Female,High School,Data Analyst,4,45902
25,Male,Bachelor's,Marketing Manager,4,46656
30,Female,Bachelor's,Teacher,5,61391
24,Female,Master's,Electrical Engineer,7,84486
25,Male,PhD,Marketing Manager,2,50824
29,Male,Master's,Accountant,5,67548
24,Male,High School,Electrical Engineer,5,50769
28,Female,High School,HR Manager,4,43561
28,Male,PhD,Sales Executive,3,55695
25,Male,Bachelor's,Sales Executive,7,78208
29,Male,Bachelor's,Mechanical Engineer,7,75771
27,Female,Bachelor's,Nurse,5,58812
30,Male,Master's,Teacher,5,65154
27,Male,PhD,Data Analyst,7,89607
26,Male,Master's,Mechanical Engineer,5,68944
27,Male,Master's,Software Engineer,4,59309
24,Male,Master's,Nurse,3,53694
30,Female,High School,Project Manager,2,24436
24,Female,Master's,Business Analyst,2,46477
25,Male,Bachelor's,Nurse,5,58676
30,Male,Bachelor's,Operations Manager,5,61757
25,Male,Master's,HR Manager,5,64491
28,Male,PhD,Project Manager,2,54094
24,Female,PhD,HR Manager,3,60753
27,Male,PhD,Sales Executive,3,61050
25,Female,Bachelor's,Marketing Manager,6,61108
25,Female,PhD,Teacher,6,85152
29,Female,PhD,Mechanical Engineer,5,75861
29,Male,Bachelor's,Project Manager,4,45467
24,Male,Master's,Nurse,2,45366
27,Female,Bachelor's,Data Analyst,3,43809
29,Male,Master's,Data Scientist,7,82999
26,Female,Bachelor's,Accountant,5,58602
27,Female,High School,Technician,4,41798
26,Female,PhD,Mechanical Engineer,6,81451
30,Female,Bachelor's,Project Manager,5,54932
26,Male,Master's,Teacher,4,55090
28,Male,High School,Electrical Engineer,7,70081
27,Male,PhD,Accountant,2,45101
24,Male,PhD,Business Analyst,7,85985
30,Female,Bachelor's,Project Manager,7,78769
29,Male,Bachelor's,Data Analyst,7,76501
29,Male,High School,Project Manager,3,29605
27,Male,High School,Mechanical Engineer,3,34068
28,Female,Master's,Software Engineer,5,61561
26,Male,PhD,Business Analyst,7,94474
24,Female,High School,Technician,2,27898
28,Female,PhD,Data Scientist,2,51342
28,Male,PhD,Nurse,5,77991
24,Male,PhD,HR Manager,3,53254
27,Male,High School,Project Manager,7,62993
30,Male,Bachelor's,Technician,2,31113
27,Male,Master's,Teacher,6,72969
27,Male,High School,Mechanical Engineer,7,63372
29,Male,Master's,Project Manager,6,77160
27,Female,High School,Teacher,2,21186
24,Male,High School,Electrical Engineer,4,42119
29,Male,PhD,Business Analyst,2,50181
26,Female,PhD,Project Manager,3,55374
30,Male,Master's,Project Manager,3,51847
27,Female,PhD,Accountant,6,82470
26,Female,High School,Business Analyst,7,70828
26,Male,Bachelor's,Business Analyst,4,54579
27,Male,PhD,Electrical Engineer,7,91163
28,Male,PhD,Accountant,7,85027
26,Female,Master's,Electrical Engineer,3,54611
30,Male,Master's,Technician,3,54370
25,Female,PhD,Mechanical Engineer,6,78393
28,Female,PhD,HR Manager,7,88834
26,Male,PhD,Sales Executive,7,88384
26,Male,PhD,Sales Executive,6,78436
28,Female,High School,HR Manager,5,54496
28,Female,Master's,Sales Executive,6,78655
25,Male,Bachelor's,HR Manager,2,31960
30,Female,Master's,Business Analyst,6,74880
27,Male,Bachelor's,Data Analyst,5,59128
30,Male,Master's,Project Manager,5,62339
25,Female,High School,Mechanical Engineer,4,45510
28,Male,High School,Data Analyst,3,38264
27,Male,Master's,Operations Manager,4,59978
24,Female,Bachelor's,Accountant,2,34551
25,Male,PhD,Data Scientist,2,45835
24,Female,PhD,Sales Executive,2,54798
29,Female,High School,Teacher,2,25213
26,Male,High School,Operations Manager,7,69298
27,Male,PhD,Technician,3,59077
25,Male,Bachelor's,Data Analyst,4,50767
24,Male,High School,Accountant,6,60920
24,Male,Bachelor's,Mechanical Engineer,2,32259
29,Female,PhD,Nurse,7,86727
27,Female,Master's,Accountant,5,63033
26,Female,PhD,Software Engineer,5,72906
30,Male,High School,Sales Executive,7,64196
30,Male,Bachelor's,Operations Manager,3,38274
28,Female,Bachelor's,Nurse,5,54589
27,Male,High School,Sales Executive,4,42284
30,Male,PhD,Data Scientist,7,90997
25,Female,Bachelor's,Teacher,2,31953
29,Female,Bachelor's,Sales Executive,3,41364
27,Female,Bachelor's,Software Engineer,2,33441
28,Female,Master's,Nurse,3,49270
27,Male,Master's,Sales Executive,5,62870
25,Male,Bachelor's,Marketing Manager,5,57689
24,Female,Bachelor's,Mechanical Engineer,5,57284
25,Male,High School,Electrical Engineer,4,43809
25,Male,Master's,Software Engineer,7,77262
27,Female,Bachelor's,Sales Executive,2,37627
26,Male,Master's,Electrical Engineer,2,43700
25,Female,Bachelor's,Software Engineer,3,45546
30,Male,Bachelor's,HR Manager,6,62298
30,Male,PhD,Nurse,4,63872
25,Male,Bachelor's,Business Analyst,4,48314
24,Male,PhD,Technician,7,85907
28,Female,Master's,Accountant,7,85077
24,Male,PhD,Operations Manager,5,71183
30,Female,Bachelor's,Software Engineer,6,67014
24,Male,Master's,Business Analyst,6,69076
26,Female,High School,Data Scientist,4,41009
30,Female,PhD,Business Analyst,2,49776
30,Male,PhD,Sales Executive,6,77420
28,Male,High School,HR Manager,2,24665
28,Male,Bachelor's,Data Scientist,4,49103
28,Male,High School,Data Scientist,7,64196
26,Male,PhD,Marketing Manager,3,60277
24,Female,High School,Teacher,3,29740
26,Male,PhD,Sales Executive,6,85204
30,Female,High School,Data Scientist,2,27646
25,Male,Bachelor's,Software Engineer,7,78385
27,Female,Bachelor's,Technician,2,35369
29,Female,High School,Electrical Engineer,2,26951
26,Female,Bachelor's,Technician,4,52136
30,Female,PhD,Technician,6,77877
26,Male,Master's,HR Manager,5,61189
26,Male,Bachelor's,Data Scientist,4,52094
25,Male,Bachelor's,Software Engineer,5,59505
30,Female,High School,Nurse,2,21563
30,Female,Master's,Project Manager,6,69586
28,Male,Master's,Data Scientist,6,69223
27,Male,High School,Accountant,2,26003
26,Male,High School,Data Analyst,6,61417
26,Male,PhD,Business Analyst,6,79431
27,Male,Bachelor's,Operations Manager,4,51660
28,Female,Master's,HR Manager,7,78439
29,Female,PhD,Business Analyst,7,94341
25,Female,Bachelor's,Marketing Manager,7,75009
27,Female,PhD,Sales Executive,4,61507
25,Female,Bachelor's,HR Manager,6,69944
27,Female,High School,Operations Manager,4,39659
30,Male,Master's,Marketing Manager,4,61051
26,Female,Bachelor's,Accountant,2,29356
25,Male,Master's,Sales Executive,7,78016
28,Female,PhD,Mechanical Engineer,7,86789
28,Male,Bachelor's,Electrical Engineer,4,50774
25,Male,Master's,Technician,6,70557
29,Female,Master's,Nurse,7,79085
27,Male,High School,Electrical Engineer,6,62598
24,Female,PhD,Business Analyst,3,59847
30,Female,High School,Electrical Engineer,5,52502
26,Female,Master's,Mechanical Engineer,5,69619
28,Female,Master's,Data Analyst,7,85184
27,Female,Master's,Software Engineer,6,73981
30,Male,PhD,Business Analyst,5,78528
25,Male,Master's,Mechanical Engineer,6,72975
26,Male,PhD,Operations Manager,2,45419
24,Female,PhD,Accountant,6,82118
28,Female,PhD,Electrical Engineer,5,74860
24,Female,PhD,Data Analyst,7,86118
28,Male,High School,Electrical Engineer,4,45206
27,Male,Bachelor's,Electrical Engineer,5,59580
27,Female,High School,Software Engineer,4,42211
26,Male,Master's,Marketing Manager,3,46810
29,Female,Master's,Technician,6,75895
29,Male,Master's,Technician,6,72404
28,Male,PhD,Software Engineer,2,54256
28,Male,Master's,Business Analyst,7,77693
29,Female,High School,Nurse,2,26025
29,Male,Master's,Electrical Engineer,2,46604
24,Male,Bachelor's,Software Engineer,5,62064
28,Female,Bachelor's,Business Analyst,3,43735
28,Male,Bachelor's,Software Engineer,6,69347
24,Male,High School,Data Scientist,3,37560
27,Female,PhD,Nurse,2,45204
29,Female,Bachelor's,Teacher,3,42797
26,Male,High School,Accountant,7,62629
30,Male,Master's,HR Manager,5,67318
24,Male,Bachelor's,Operations Manager,5,62546
30,Male,PhD,Data Analyst,6,80904
25,Male,High School,Software Engineer,6,55843
26,Male,PhD,Accountant,5,78872
26,Female,High School,HR Manager,7,67386
29,Male,PhD,Accountant,5,76936
24,Male,High School,Software Engineer,3,34871
27,Male,High School,Operations Manager,4,43488
28,Female,High School,Mechanical Engineer,6,59317
26,Female,High School,Data Scientist,5,50754
28,Male,PhD,HR Manager,5,73646
26,Male,PhD,Data Analyst,4,61414
26,Male,Bachelor's,Teacher,3,38517
25,Female,Bachelor's,Marketing Manager,5,60652
30,Male,Bachelor's,Mechanical Engineer,4,48546
29,Female,PhD,Project Manager,6,80408
26,Female,Bachelor's,HR Manager,5,55145
29,Female,PhD,Business Analyst,4,69759
25,Female,Bachelor's,Software Engineer,2,37405
24,Female,PhD,Data Analyst,7,94300
25,Female,High School,Electrical Engineer,7,62409
29,Male,Bachelor's,Mechanical Engineer,3,38785
24,Female,Master's,HR Manager,2,42099
24,Male,Master's,Software Engineer,7,83536
26,Female,PhD,Technician,5,71165
26,Male,High School,Mechanical Engineer,7,66757
27,Male,PhD,HR Manager,5,74769
29,Male,Bachelor's,Accountant,2,33438
28,Male,High School,Electrical Engineer,2,30970
25,Female,Bachelor's,Nurse,4,47559
27,Male,Master's,Project Manager,7,79943
28,Male,PhD,Teacher,6,81173
27,Female,High School,Data Scientist,7,65691
24,Male,Bachelor's,Project Manager,2,29608
30,Female,Bachelor's,Nurse,4,46411
27,Female,Bachelor's,Accountant,6,62473
26,Female,PhD,Operations Manager,4,69242
29,Female,High School,Project Manager,7,64374
27,Male,PhD,Nurse,3,53715
29,Female,Bachelor's,Marketing Manager,3,40866
28,Female,Bachelor's,Data Analyst,3,42862
26,Female,High School,HR Manager,7,66088
25,Male,PhD,Project Manager,5,72897
29,Male,High School,Marketing Manager,7,68291
25,Female,Master's,Software Engineer,7,79324
28,Male,Master's,Project Manager,2,45982
27,Male,Bachelor's,Business Analyst,5,59653
30,Male,High School,Teacher,4,37202
26,Female,Bachelor's,Data Analyst,2,33601
26,Male,High School,Teacher,4,44340
24,Male,Master's,Sales Executive,5,70325
26,Female,Bachelor's,Marketing Manager,2,29746
24,Female,PhD,Data Scientist,7,90434
29,Female,High School,Project Manager,5,52114
27,Male,Master's,Data Analyst,4,54490
29,Female,Master's,Project Manager,3,46280
25,Male,High School,Nurse,5,47377
26,Female,Bachelor's,Project Manager,6,63760
24,Female,Master's,Electrical Engineer,3,50836
26,Male,Master's,Software Engineer,6,75050
30,Female,Bachelor's,Data Analyst,2,30756
28,Female,High School,HR Manager,5,51930
27,Male,Master's,Business Analyst,6,70314
25,Male,Bachelor's,Software Engineer,5,59576
24,Male,PhD,Sales Executive,3,56576
29,Female,High School,Data Analyst,6,61376
27,Male,Master's,Data Scientist,7,77906
28,Female,Master's,Data Scientist,5,61144
29,Male,Bachelor's,Electrical Engineer,4,45068
27,Female,Bachelor's,Sales Executive,2,37891
26,Female,PhD,Marketing Manager,7,87529
27,Male,High School,Teacher,7,66431
28,Female,PhD,Mechanical Engineer,5,71242
26,Female,High School,Technician,3,32645
29,Female,High School,Software Engineer,7,70487
26,Female,Master's,Marketing Manager,3,54253
27,Female,Master's,Data Scientist,3,47957
25,Male,Bachelor's,Technician,4,46555
25,Female,PhD,HR Manager,6,84506
25,Male,High School,Technician,5,46203
30,Female,Bachelor's,Technician,6,70020
28,Male,High School,Sales Executive,7,67421
28,Male,Bachelor's,Business Analyst,5,54525
25,Female,High School,Electrical Engineer,3,29773
26,Male,High School,Teacher,6,56491
27,Female,High School,Teacher,3,35979
24,Male,High School,Operations Manager,7,66810
25,Female,Master's,Nurse,7,77190
30,Female,High School,HR Manager,4,45407
29,Female,PhD,Data Analyst,6,82790
24,Female,Master's,Nurse,6,70850
24,Male,Master's,Mechanical Engineer,3,52319
24,Female,High School,Nurse,2,28996
24,Male,Master's,Software Engineer,3,54080
26,Female,Bachelor's,Business Analyst,4,53821
29,Female,PhD,Data Analyst,2,50609
25,Female,PhD,Technician,2,45580
24,Male,PhD,Technician,5,71593
29,Female,PhD,HR Manager,6,85470
24,Female,Master's,Marketing Manager,3,50099
25,Male,Bachelor's,Software Engineer,4,52663
26,Female,PhD,Operations Manager,4,66150
24,Female,PhD,Mechanical Engineer,3,53336
25,Female,High School,Project Manager,3,31353
26,Female,Master's,Data Scientist,6,73293
26,Male,High School,Operations Manager,6,54560
30,Male,PhD,Project Manager,6,78621
26,Female,Bachelor's,Technician,3,38180
26,Female,Master's,Marketing Manager,7,81017
26,Female,Master's,Data Analyst,7,82524
29,Female,PhD,Marketing Manager,4,64988
30,Male,Master's,Software Engineer,3,48364
24,Female,PhD,Sales Executive,5,78318
30,Female,Bachelor's,Business Analyst,2,31356
26,Female,Master's,Teacher,6,78032
29,Female,High School,Operations Manager,3,38557
24,Male,Master's,Business Analyst,4,60665
26,Female,High School,Technician,5,50230
25,Female,Master's,Marketing Manager,2,39696
29,Female,Bachelor's,Teacher,2,32576
24,Female,PhD,HR Manager,6,81630
30,Male,Bachelor's,HR Manager,7,69930
25,Male,High School,Data Scientist,6,58589
29,Male,High School,HR Manager,4,45797
29,Male,Master's,Operations Manager,2,40477
26,Female,High School,Project Manager,5,51640
28,Female,Bachelor's,Data Analyst,5,53744
24,Female,PhD,Business Analyst,5,73210
27,Male,High School,Operations Manager,4,46242
29,Female,High School,Electrical Engineer,6,58393
25,Male,High School,Software Engineer,3,31337
28,Male,Master's,Technician,4,59934
26,Male,Master's,HR Manager,7,81224
30,Female,High School,Nurse,7,66066
29,Female,Master's,Mechanical Engineer,6,77677
26,Male,Master's,Data Analyst,6,76794
24,Female,Bachelor's,Project Manager,3,43567
30,Male,High School,Business Analyst,3,31002
24,Male,Bachelor's,Accountant,6,66990
29,Male,Bachelor's,Technician,7,71655
28,Male,Master's,Nurse,7,80974
27,Female,Bachelor's,Project Manager,4,51373
27,Male,Master's,Nurse,2,38766
29,Male,High School,Nurse,7,67583
29,Female,High School,HR Manager,6,59160
27,Female,Bachelor's,Data Analyst,4,45340
26,Female,Bachelor's,HR Manager,4,48329
26,Female,Master's,Accountant,5,64548
28,Male,PhD,Technician,4,63236
30,Female,Master's,Data Scientist,4,53064
27,Male,Bachelor's,Mechanical Engineer,7,78998
28,Female,Bachelor's,Business Analyst,2,32437
30,Female,High School,Nurse,5,47986
27,Male,Master's,Project Manager,2,38827
25,Male,Bachelor's,Operations Manager,4,47470
28,Female,High School,Nurse,3,36610
29,Female,High School,Electrical Engineer,4,43499
26,Male,Bachelor's,HR Manager,7,69251
24,Male,Bachelor's,Business Analyst,5,54718
29,Male,High School,Operations Manager,4,38057
24,Male,PhD,Software Engineer,6,84020
24,Male,Bachelor's,Project Manager,6,63423
29,Male,Master's,Technician,5,62266
26,Male,Bachelor's,Teacher,2,33472
29,Male,High School,Accountant,4,38129
24,Male,High School,Electrical Engineer,6,58941
26,Male,Master's,Teacher,2,44434
28,Female,Master's,Teacher,5,65400
27,Female,Master's,Marketing Manager,5,67274
25,Female,PhD,Operations Manager,5,71343
29,Male,Bachelor's,Business Analyst,6,65172
29,Female,Bachelor's,Technician,3,38903
24,Male,High School,Electrical Engineer,7,70150
26,Female,Master's,Sales Executive,6,69015
27,Female,Master's,Business Analyst,6,75224
25,Female,Master's,Teacher,2,43447
28,Female,Master's,Data Scientist,7,85897
29,Male,Master's,Accountant,5,66697
28,Female,Bachelor's,Software Engineer,2,37663
26,Male,Bachelor's,Technician,4,48909
29,Male,Bachelor's,Technician,7,76541
25,Male,Master's,Electrical Engineer,4,60013
24,Female,Bachelor's,Teacher,4,51146
24,Female,Master's,Project Manager,6,77541
26,Female,High School,Accountant,5,49759
27,Male,PhD,Project Manager,5,71859
30,Male,High School,Project Manager,3,35011
27,Male,Master's,Marketing Manager,4,59244
26,Male,Bachelor's,Data Analyst,6,65254
24,Male,Master's,Teacher,6,73498
26,Female,Bachelor's,Accountant,5,54496
28,Female,High School,HR Manager,3,35932
30,Female,Master's,Operations Manager,2,44250
27,Female,High School,Teacher,4,43683
27,Female,Master's,HR Manager,5,70481
25,Male,Master's,Data Scientist,7,80328
26,Male,High School,Nurse,5,51216
27,Female,PhD,Operations Manager,7,85419
24,Female,PhD,Teacher,5,75797
27,Male,High School,Sales Executive,5,53048
25,Male,Bachelor's,Teacher,3,43581
28,Male,Master's,Marketing Manager,4,59348
30,Female,High School,Data Scientist,3,30263
28,Male,High School,Sales Executive,2,24532
28,Female,High School,Technician,7,64274
29,Female,PhD,Technician,2,54017
29,Female,Bachelor's,Electrical Engineer,2,31384
26,Female,Bachelor's,Marketing Manager,2,32049
28,Female,Master's,Data Scientist,4,59286
26,Female,PhD,Marketing Manager,5,69838
26,Female,Bachelor's,Technician,5,60145
30,Female,Master's,HR Manager,3,45853
25,Female,PhD,Project Manager,5,78564
25,Female,Master's,HR Manager,5,70111
29,Male,Master's,Data Analyst,6,70108
27,Female,High School,Accountant,3,36194
26,Male,Bachelor's,Nurse,6,68448
27,Female,Bachelor's,Operations Manager,3,37945
25,Female,High School,Data Analyst,3,30178
30,Female,Bachelor's,Data Analyst,7,78192
29,Male,PhD,HR Manager,7,89831
30,Male,Bachelor's,Software Engineer,7,72389
28,Male,PhD,Data Scientist,3,54499
24,Female,Bachelor's,Project Manager,4,52248
29,Female,Bachelor's,Technician,2,31185
24,Male,PhD,Accountant,3,62536
30,Female,Bachelor's,Accountant,4,50314
28,Male,Bachelor's,Nurse,7,72781
27,Male,Master's,Electrical Engineer,3,49768
25,Male,Bachelor's,Sales Executive,3,40013
27,Female,PhD,Data Scientist,2,50764
24,Male,High School,Accountant,5,50700
24,Female,High School,HR Manager,5,49587
30,Female,High School,HR Manager,3,36707
26,Male,Master's,Data Analyst,6,78810
24,Male,Master's,HR Manager,3,49915
24,Male,Master's,Mechanical Engineer,5,68881
25,Female,Master's,Software Engineer,2,41886
30,Male,PhD,Data Scientist,7,94036
24,Male,PhD,Sales Executive,2,45552
24,Male,PhD,Project Manager,7,87162
27,Female,High School,Mechanical Engineer,7,63685
26,Male,High School,Mechanical Engineer,2,28868
26,Male,Master's,Data Scientist,2,40911
24,Male,PhD,Accountant,6,85864
24,Female,PhD,HR Manager,3,62312
28,Male,Master's,Mechanical Engineer,3,49644
27,Male,Bachelor's,Operations Manager,3,45762
28,Male,High School,Data Analyst,2,21879
27,Male,Bachelor's,Data Scientist,3,39517
30,Female,High School,Electrical Engineer,5,53488
24,Female,High School,Data Scientist,7,70478
25,Male,Bachelor's,Business Analyst,6,62018
30,Male,High School,Business Analyst,4,38606
24,Male,Bachelor's,Technician,4,50604
24,Female,Bachelor's,Data Analyst,4,51749
30,Female,High School,Data Scientist,3,31425
29,Male,Bachelor's,Nurse,4,47299
25,Male,Bachelor's,Project Manager,4,46095
24,Female,High School,Sales Executive,6,58406
24,Male,Bachelor's,Technician,7,69824
30,Female,PhD,Data Scientist,7,90721
28,Male,PhD,Project Manager,7,93130
25,Female,Master's,Operations Manager,2,44637
30,Male,PhD,Electrical Engineer,7,93404
26,Male,High School,Nurse,4,40802
25,Male,PhD,Marketing Manager,3,61071
28,Male,PhD,Project Manager,5,74613
30,Female,PhD,Data Scientist,3,58563
29,Female,Master's,Data Analyst,4,61012
28,Male,High School,Operations Manager,5,51859
27,Female,PhD,Software Engineer,4,69935
25,Male,Master's,Electrical Engineer,5,61533
26,Female,High School,Accountant,3,36242
27,Male,High School,HR Manager,7,61680
27,Male,PhD,Accountant,4,63472
26,Male,Bachelor's,Mechanical Engineer,6,67461
26,Female,Master's,Operations Manager,6,78938
25,Male,PhD,Marketing Manager,2,45005
30,Male,High School,HR Manager,5,54261
30,Female,Master's,Project Manager,2,46055
29,Female,Bachelor's,Operations Manager,4,51816
24,Female,PhD,Accountant,4,66928
26,Female,High School,Operations Manager,7,69161
27,Female,High School,Data Analyst,7,62950
28,Female,PhD,Accountant,6,79495
29,Female,High School,Mechanical Engineer,5,47244
24,Female,Bachelor's,HR Manager,6,70449
28,Male,PhD,Software Engineer,7,94659
29,Female,Bachelor's,Accountant,6,61422
27,Female,High School,Nurse,7,67233
27,Female,Master's,Mechanical Engineer,3,54423
27,Male,Master's,Operations Manager,3,48289
28,Male,Bachelor's,Accountant,7,77528
25,Female,High School,Business Analyst,4,43274
30,Female,Bachelor's,Accountant,4,52778
25,Female,PhD,Electrical Engineer,2,49263
26,Female,Master's,Electrical Engineer,5,65372
24,Male,PhD,Marketing Manager,5,71618
30,Female,High School,Software Engineer,4,45776
27,Female,High School,Accountant,5,50943
29,Female,Master's,Technician,7,78984
26,Female,High School,Data Analyst,6,62281
26,Female,Master's,Accountant,3,46144
28,Male,PhD,Technician,7,86823
26,Male,Bachelor's,Teacher,7,70930
30,Female,PhD,Technician,7,90599
27,Female,PhD,Nurse,4,66729
30,Male,Bachelor's,Marketing Manager,7,77539
27,Female,Bachelor's,HR Manager,4,46080
27,Male,High School,Technician,6,56859
28,Female,PhD,HR Manager,6,81486
30,Male,Bachelor's,HR Manager,7,72911
28,Male,Master's,Operations Manager,2,43241
26,Male,PhD,Business Analyst,4,62102
30,Female,Bachelor's,Operations Manager,3,42066
24,Female,High School,Mechanical Engineer,2,29474
24,Male,Master's,HR Manager,2,44499
29,Male,PhD,Accountant,6,77968
27,Male,High School,Marketing Manager,5,46811
27,Male,Master's,Project Manager,4,58423
28,Male,Bachelor's,Marketing Manager,3,41615
30,Male,Bachelor's,Nurse,3,37464
30,Female,PhD,Mechanical Engineer,2,49484
29,Male,High School,Electrical Engineer,5,53390
28,Female,Bachelor's,Project Manager,2,35084
28,Female,Master's,Data Scientist,7,84829
28,Male,PhD,Sales Executive,7,92449
25,Female,Bachelor's,Data Scientist,5,55712
26,Male,High School,Teacher,6,53270
27,Male,Bachelor's,Nurse,4,48296
28,Female,High School,Operations Manager,7,61258
24,Female,Bachelor's,Electrical Engineer,2,37810
26,Female,Bachelor's,Business Analyst,7,74172
26,Female,High School,Data Analyst,7,63870
29,Female,PhD,Operations Manager,2,52455
30,Male,Master's,Data Scientist,3,50961
30,Female,PhD,Data Scientist,4,66218
27,Male,High School,Marketing Manager,6,57116
28,Female,Bachelor's,Mechanical Engineer,4,45347
25,Female,PhD,Nurse,7,91293
25,Female,Bachelor's,Software Engineer,2,30820
25,Female,High School,Data Analyst,2,28597
30,Male,Bachelor's,Operations Manager,6,69752
24,Female,Master's,Business Analyst,6,76565
27,Male,High School,HR Manager,3,34809
27,Male,High School,Business Analyst,3,32275
27,Female,PhD,Nurse,2,54341
29,Male,PhD,Software Engineer,5,72928
29,Female,PhD,Business Analyst,3,54939
27,Female,High School,Teacher,3,32747
24,Female,Bachelor's,Project Manager,7,69627
25,Male,Bachelor's,Nurse,2,29623
27,Male,PhD,HR Manager,3,53724
28,Female,Master's,Data Analyst,3,52666
24,Female,High School,Nurse,7,62582
25,Male,Bachelor's,Business Analyst,6,66296
24,Female,High School,Data Scientist,2,30107
29,Male,High School,Teacher,2,29936
28,Female,PhD,Electrical Engineer,7,85125
28,Male,High School,Software Engineer,6,60503
25,Male,Bachelor's,Project Manager,5,54808
28,Male,Master's,Project Manager,2,38439
29,Male,High School,Data Scientist,4,41489
26,Female,Master's,Software Engineer,5,70935
28,Female,Bachelor's,Data Analyst,2,30228
24,Male,Bachelor's,Marketing Manager,5,60464
27,Male,High School,Operations Manager,2,21965
29,Male,Bachelor's,Technician,5,53898
25,Female,PhD,Accountant,7,87197
26,Female,Master's,Data Analyst,4,59263
24,Male,PhD,Software Engineer,7,92754
30,Female,Master's,Nurse,3,45215
27,Male,Master's,HR Manager,6,74845
30,Female,High School,Nurse,3,34613
30,Male,Bachelor's,Data Scientist,2,34139
27,Female,Master's,Data Scientist,6,70996
27,Male,Bachelor's,Marketing Manager,2,37821
25,Female,High School,Project Manager,3,32572
26,Male,Master's,Electrical Engineer,7,78938
25,Female,Bachelor's,Teacher,7,73658
30,Female,Bachelor's,Mechanical Engineer,4,45453
24,Male,Master's,Business Analyst,7,86685
25,Male,High School,Teacher,5,49979
24,Male,High School,Marketing Manager,2,22203
26,Male,Bachelor's,Marketing Manager,2,37088
29,Female,PhD,Software Engineer,2,49176
26,Female,PhD,Teacher,7,87838
27,Male,PhD,Mechanical Engineer,4,64375
24,Female,Bachelor's,Data Scientist,3,42746
29,Female,Master's,Business Analyst,2,40112
24,Male,Bachelor's,Nurse,7,78617
26,Female,Bachelor's,Data Analyst,3,44887
24,Male,PhD,Accountant,7,86457
28,Male,High School,Data Scientist,4,37242
26,Male,Master's,Mechanical Engineer,6,71888
25,Female,Master's,Mechanical Engineer,4,55723
28,Male,Bachelor's,Operations Manager,3,41674
30,Female,High School,HR Manager,7,64177
25,Female,Master's,HR Manager,7,84729
26,Male,High School,Data Scientist,7,67183
30,Female,Bachelor's,Accountant,2,36742
27,Female,High School,Data Scientist,5,54098
29,Female,High School,Electrical Engineer,2,28945
27,Male,Bachelor's,Electrical Engineer,5,53994
24,Male,High School,Accountant,4,44273
27,Male,Master's,Marketing Manager,2,38171
28,Male,PhD,Teacher,3,62222
28,Female,High School,Data Analyst,5,53598
24,Male,Bachelor's,Marketing Manager,4,48479
24,Male,PhD,Accountant,5,76551
30,Male,High School,Nurse,5,50207
24,Male,Master's,Project Manager,4,54116
24,Female,PhD,Accountant,3,61348
24,Male,PhD,Project Manager,7,85527
28,Male,PhD,Project Manager,6,79282
29,Female,Bachelor's,Electrical Engineer,4,45684
30,Female,Bachelor's,Teacher,3,37256
28,Female,High School,Sales Executive,3,29588
26,Female,Bachelor's,Technician,3,41988
29,Female,Bachelor's,Data Scientist,5,53410
29,Male,High School,Mechanical Engineer,5,48819
24,Female,Master's,Marketing Manager,7,85062
29,Male,Bachelor's,HR Manager,5,56308
26,Female,Master's,HR Manager,4,53520
27,Male,Master's,Electrical Engineer,7,77376
28,Female,Bachelor's,HR Manager,2,31536
28,Female,PhD,Sales Executive,6,85976
29,Female,Bachelor's,Accountant,3,46209
24,Female,PhD,Software Engineer,3,61555
25,Female,High School,Software Engineer,3,35927
25,Male,PhD,Nurse,5,73148
28,Male,Bachelor's,Teacher,4,51680
24,Male,PhD,Operations Manager,2,45286
26,Male,Master's,Nurse,3,47267
27,Male,PhD,Technician,4,69401
28,Male,PhD,HR Manager,5,77690
28,Female,Bachelor's,Electrical Engineer,2,38702
26,Female,Bachelor's,Technician,7,73188
29,Male,PhD,Mechanical Engineer,6,81217
29,Male,High School,Business Analyst,7,68728
25,Female,High School,Sales Executive,5,50571
29,Male,PhD,Mechanical Engineer,3,60055
24,Male,PhD,Electrical Engineer,3,56809
26,Female,PhD,Project Manager,5,74978
25,Male,Bachelor's,Operations Manager,4,46852
24,Male,PhD,Business Analyst,5,70274
27,Female,Master's,Business Analyst,6,74827
26,Female,Master's,Software Engineer,5,61288
29,Male,PhD,Mechanical Engineer,2,49787
30,Male,Bachelor's,Teacher,6,64216
26,Female,Master's,Software Engineer,2,46848
27,Male,Bachelor's,Operations Manager,2,38756
28,Female,Master's,Data Analyst,2,37077
30,Male,High School,Teacher,3,29064
25,Male,Bachelor's,Accountant,7,72872
24,Male,High School,Data Scientist,2,24249
25,Female,Master's,Data Scientist,6,74716
26,Female,PhD,Teacher,5,73235
26,Male,High School,Accountant,3,33350
24,Male,High School,Teacher,4,39158
30,Female,Master's,Marketing Manager,5,63311
25,Male,Bachelor's,Technician,7,75927
27,Female,High School,HR Manager,4,38182
30,Female,High School,Data Scientist,6,55494
25,Female,PhD,Nurse,3,54528
30,Female,PhD,Software Engineer,2,48157
28,Male,High School,Technician,7,68492
25,Female,PhD,Marketing Manager,6,82436
29,Male,High School,HR Manager,7,61385
25,Female,Bachelor's,Project Manager,7,76442
28,Male,Bachelor's,HR Manager,4,49272
25,Male,High School,HR Manager,5,50552
30,Female,PhD,Mechanical Engineer,6,82019
24,Female,High School,Accountant,2,26325
28,Male,Bachelor's,Software Engineer,7,73016
27,Male,Bachelor's,Mechanical Engineer,2,37303
29,Female,PhD,Marketing Manager,4,62227
24,Male,PhD,Electrical Engineer,5,70092
26,Male,PhD,Mechanical Engineer,5,75855
30,Female,PhD,Nurse,7,90155
28,Male,High School,Nurse,5,46439
29,Female,Bachelor's,Data Analyst,6,63112
24,Female,High School,Accountant,7,62122
30,Female,PhD,Marketing Manager,2,47372
27,Male,High School,Data Analyst,4,39212
28,Male,High School,Mechanical Engineer,3,37713
28,Female,Bachelor's,HR Manager,3,43338
30,Female,Master's,Mechanical Engineer,2,40978
27,Male,High School,Accountant,7,67335
27,Male,Bachelor's,Business Analyst,4,52622
27,Male,Bachelor's,Teacher,3,45045
24,Female,Bachelor's,Data Analyst,4,53402
27,Male,Master's,Mechanical Engineer,3,50596
29,Male,PhD,Data Analyst,2,48796
28,Female,High School,Nurse,4,46937
24,Male,Master's,HR Manager,4,57357
26,Female,Master's,Business Analyst,4,59462
27,Female,High School,HR Manager,2,27726
30,Male,High School,Operations Manager,7,63808
30,Male,Master's,Accountant,6,74339
27,Female,Master's,Software Engineer,3,53832
29,Female,High School,Mechanical Engineer,3,34238
30,Male,High School,Nurse,6,60466
26,Female,PhD,Nurse,7,88508
29,Female,Master's,HR Manager,2,38644
24,Female,High School,Operations Manager,2,24720
26,Male,High School,Sales Executive,7,61860
25,Female,PhD,Accountant,5,75194
26,Female,Master's,Operations Manager,4,58104
29,Female,High School,Business Analyst,6,61495
24,Female,PhD,Electrical Engineer,2,48720
25,Male,Master's,Marketing Manager,4,55045
29,Male,PhD,Business Analyst,6,84083
